Id,FirstName,LastName,StudentId,EmailAddress
1,Mildred,Hudson,164731365,mhudson0@yellowbook.com
2,George,Richards,111363245,grichards1@hc360.com
3,Rose,Duncan,167961570,rduncan2@irs.gov
4,Martha,Nichols,176047244,mnichols3@abc.net.au
5,Mary,Lawrence,66269289,mlawrence4@eepurl.com
6,Gregory,Garcia,51924121,ggarcia5@amazon.co.jp
7,Alan,Bradley,18581119,abradley6@fda.gov
8,Karen,Ellis,19643013,kellis7@rediff.com
9,Cheryl,Riley,184780092,criley8@ucsd.edu
10,Juan,Sanders,124092468,jsanders9@jimdo.com
11,Alan,Tucker,82289249,atuckera@shutterfly.com
12,Christina,Burton,109687950,cburtonb@weebly.com
13,Joyce,Rogers,164153251,jrogersc@networkadvertising.org
14,Christina,Dixon,78578056,cdixond@hatena.ne.jp
15,Walter,Arnold,125386384,warnolde@senate.gov
16,Martin,Perez,34316441,mperezf@ovh.net
17,Robin,Ward,38884737,rwardg@liveinternet.ru
18,Edward,Willis,69724305,ewillish@w3.org
19,Ronald,Washington,129938868,rwashingtoni@liveinternet.ru
20,Gary,Payne,24758435,gpaynej@biblegateway.com
21,Melissa,Campbell,72779583,mcampbellk@typepad.com
22,Larry,Matthews,161014352,lmatthewsl@google.ru
23,Theresa,Williams,175733225,twilliamsm@nih.gov
24,Clarence,Moreno,21648871,cmorenon@aboutads.info
25,Diana,Gordon,192909458,dgordono@nydailynews.com
26,Ryan,Torres,163994861,rtorresp@yahoo.com
27,Jean,Gomez,97669447,jgomezq@taobao.com
28,Samuel,Elliott,51325185,selliottr@ovh.net
29,Nicholas,Hunt,13042668,nhunts@quantcast.com
30,Louise,Collins,198235183,lcollinst@lycos.com
31,Patrick,Armstrong,142971944,parmstrongu@fotki.com
32,Pamela,Williams,188130762,pwilliamsv@ustream.tv
33,Mary,Meyer,139216854,mmeyerw@sina.com.cn
34,Johnny,White,28934538,jwhitex@plala.or.jp
35,Amy,Myers,19984484,amyersy@goo.ne.jp
36,Edward,Miller,142908580,emillerz@sitemeter.com
37,Denise,Schmidt,196552264,dschmidt10@homestead.com
38,Matthew,Miller,198534497,mmiller11@fda.gov
39,Christina,Ryan,16057568,cryan12@forbes.com
40,Chris,Alexander,19510846,calexander13@marriott.com
41,Patricia,Wilson,138081224,pwilson14@un.org
42,Gregory,Sims,97140966,gsims15@marriott.com
43,Lisa,Garcia,185828683,lgarcia16@who.int
44,Lawrence,Austin,21407250,laustin17@chicagotribune.com
45,Kimberly,Dunn,88423153,kdunn18@yolasite.com
46,Shirley,Harvey,108793573,sharvey19@mail.ru
47,Jacqueline,Reed,125960050,jreed1a@issuu.com
48,Christine,Bennett,84202127,cbennett1b@rakuten.co.jp
49,Joe,Hayes,153390512,jhayes1c@chronoengine.com
50,Billy,Powell,192376780,bpowell1d@prnewswire.com
51,Alice,George,149366566,ageorge1e@reddit.com
52,Jerry,Berry,38554823,jberry1f@oaic.gov.au
53,Steven,Reyes,143850794,sreyes1g@yandex.ru
54,Heather,Hall,21035398,hhall1h@boston.com
55,Mary,Ford,113478670,mford1i@cornell.edu
56,Jeremy,Moreno,14193252,jmoreno1j@creativecommons.org
57,Russell,Bennett,122347511,rbennett1k@joomla.org
58,Kevin,West,156410800,kwest1l@ted.com
59,Diana,King,25226476,dking1m@ask.com
60,Lawrence,Price,109426066,lprice1n@google.ru
61,Todd,Snyder,140934298,tsnyder1o@earthlink.net
62,Marie,Reynolds,30586719,mreynolds1p@google.nl
63,Julie,Ruiz,196591183,jruiz1q@ycombinator.com
64,Kelly,Murphy,61896340,kmurphy1r@hatena.ne.jp
65,Gloria,Reynolds,70274095,greynolds1s@instagram.com
66,Carl,Bailey,43097859,cbailey1t@pcworld.com
67,Carol,Jenkins,34842888,cjenkins1u@youtu.be
68,Ryan,Mccoy,25071845,rmccoy1v@mashable.com
69,James,King,59589064,jking1w@xinhuanet.com
70,Sara,Hayes,98621404,shayes1x@angelfire.com
71,Carolyn,Coleman,87892406,ccoleman1y@cbsnews.com
72,Steve,Griffin,52751476,sgriffin1z@nymag.com
73,Stephen,Hill,152590621,shill20@oracle.com
74,Marie,Crawford,158326495,mcrawford21@intel.com
75,Evelyn,Gonzalez,22941825,egonzalez22@icq.com
76,Ryan,Carroll,171118097,rcarroll23@ed.gov
77,Marilyn,Burke,162668287,mburke24@foxnews.com
78,Russell,Hayes,92651002,rhayes25@seesaa.net
79,Eric,Anderson,97954119,eanderson26@gizmodo.com
80,Bobby,Boyd,73577031,bboyd27@bloomberg.com
81,Brandon,Black,93056041,bblack28@cocolog-nifty.com
82,Alice,Garrett,163526062,agarrett29@jiathis.com
83,Deborah,Gonzalez,160206728,dgonzalez2a@cisco.com
84,Fred,Jordan,88566882,fjordan2b@themeforest.net
85,Stephanie,Hamilton,24369856,shamilton2c@nasa.gov
86,Maria,Ross,192392136,mross2d@weather.com
87,Lois,Long,55660097,llong2e@twitpic.com
88,Matthew,Franklin,36806440,mfranklin2f@hexun.com
89,Lisa,West,114014876,lwest2g@1688.com
90,Arthur,Woods,46002844,awoods2h@netscape.com
91,Donald,Cooper,158384943,dcooper2i@surveymonkey.com
92,Kimberly,Green,33927470,kgreen2j@pbs.org
93,Henry,Richardson,115048724,hrichardson2k@51.la
94,Kathleen,Hansen,80426330,khansen2l@instagram.com
95,Joshua,Simpson,174410527,jsimpson2m@google.com.br
96,Gary,Bradley,28534331,gbradley2n@behance.net
97,Jessica,Harris,148688515,jharris2o@cyberchimps.com
98,Brandon,Day,132968934,bday2p@apache.org
99,Lawrence,Peterson,152053490,lpeterson2q@skype.com
100,Jeffrey,Sims,192338953,jsims2r@spotify.com
101,Mary,Gonzales,98544201,mgonzales2s@archive.org
102,Randy,Fields,25696160,rfields2t@samsung.com
103,Earl,Arnold,56025176,earnold2u@wired.com
104,Roger,Foster,26554745,rfoster2v@cocolog-nifty.com
105,Daniel,Wilson,25818569,dwilson2w@ifeng.com
106,Wanda,Richards,147848655,wrichards2x@wufoo.com
107,Chris,Walker,119838744,cwalker2y@taobao.com
108,Wayne,Burns,96834076,wburns2z@wsj.com
109,Wayne,Butler,196090939,wbutler30@hubpages.com
110,Michelle,Hunter,110949137,mhunter31@hubpages.com
111,Maria,Lee,148771249,mlee32@meetup.com
112,Henry,Johnston,69300198,hjohnston33@apache.org
113,Kathleen,Brooks,83766584,kbrooks34@taobao.com
114,Russell,Walker,36780279,rwalker35@miibeian.gov.cn
115,Dennis,Flores,21547430,dflores36@google.com.br
116,Mark,Schmidt,187564743,mschmidt37@barnesandnoble.com
117,Jean,Anderson,154916991,janderson38@blogspot.com
118,Irene,Butler,138314666,ibutler39@abc.net.au
119,Jesse,Arnold,135404288,jarnold3a@360.cn
120,Frank,Wells,143629512,fwells3b@wikipedia.org
121,Jimmy,Bennett,133417377,jbennett3c@sohu.com
122,Rose,Burke,101799451,rburke3d@dot.gov
123,Thomas,Watson,43671230,twatson3e@nytimes.com
124,Stephanie,Adams,171790888,sadams3f@bigcartel.com
125,Ann,Coleman,79030207,acoleman3g@google.es
126,Jose,Schmidt,79720566,jschmidt3h@sakura.ne.jp
127,Steve,Marshall,56432677,smarshall3i@cbsnews.com
128,Randy,Reyes,110859761,rreyes3j@umn.edu
129,Judy,Hunter,71891910,jhunter3k@oracle.com
130,Bruce,Ortiz,116226555,bortiz3l@weibo.com
131,Edward,Lawson,62201800,elawson3m@illinois.edu
132,Brian,Peters,80736265,bpeters3n@cyberchimps.com
133,Deborah,Arnold,73010047,darnold3o@economist.com
134,Janet,George,157880999,jgeorge3p@senate.gov
135,Wayne,Wells,115368987,wwells3q@abc.net.au
136,Terry,Watson,27315059,twatson3r@springer.com
137,Gerald,Allen,92206145,gallen3s@devhub.com
138,Earl,Reid,108379899,ereid3t@ox.ac.uk
139,Frances,Nguyen,178798905,fnguyen3u@mlb.com
140,Kimberly,West,195741734,kwest3v@free.fr
141,Wanda,Mccoy,56031868,wmccoy3w@wikia.com
142,Samuel,Alvarez,67517407,salvarez3x@hao123.com
143,Ralph,Adams,65869292,radams3y@who.int
144,Ernest,Ramos,105292617,eramos3z@wsj.com
145,Anne,Murphy,10649138,amurphy40@abc.net.au
146,Matthew,Banks,123580712,mbanks41@newyorker.com
147,Jean,Foster,95445655,jfoster42@sitemeter.com
148,Aaron,Campbell,64412708,acampbell43@oracle.com
149,Brian,Smith,10199604,bsmith44@google.com.au
150,Pamela,Hunt,33749287,phunt45@bizjournals.com
151,Joshua,Simmons,12800669,jsimmons46@storify.com
152,Roy,Graham,61549568,rgraham47@microsoft.com
153,Ernest,Wheeler,150425871,ewheeler48@seesaa.net
154,Scott,Lopez,42624437,slopez49@soundcloud.com
155,Phyllis,Harper,34517545,pharper4a@hatena.ne.jp
156,Larry,Kim,143818091,lkim4b@boston.com
157,Debra,Welch,111548624,dwelch4c@vk.com
158,Rebecca,Nichols,147144635,rnichols4d@diigo.com
159,James,Taylor,90135858,jtaylor4e@surveymonkey.com
160,Judith,Lewis,175623496,jlewis4f@bizjournals.com
161,Paul,Gibson,64565620,pgibson4g@jigsy.com
162,Carolyn,Butler,184544814,cbutler4h@webeden.co.uk
163,Anthony,Johnston,86886052,ajohnston4i@foxnews.com
164,Alice,Mccoy,35978313,amccoy4j@ibm.com
165,Larry,Patterson,145121938,lpatterson4k@uiuc.edu
166,Shirley,Burton,113478340,sburton4l@latimes.com
167,Timothy,George,130766994,tgeorge4m@fema.gov
168,Emily,Bailey,118478784,ebailey4n@forbes.com
169,Arthur,Nguyen,120208110,anguyen4o@digg.com
170,Heather,Jenkins,80986800,hjenkins4p@so-net.ne.jp
171,Robert,Stone,30380729,rstone4q@pagesperso-orange.fr
172,Rose,Baker,166171662,rbaker4r@comsenz.com
173,Philip,Rodriguez,32306360,prodriguez4s@baidu.com
174,Walter,Perry,122602518,wperry4t@aboutads.info
175,Gloria,Ferguson,58959769,gferguson4u@odnoklassniki.ru
176,Tammy,Moreno,138850881,tmoreno4v@1und1.de
177,Eugene,Fuller,197592614,efuller4w@plala.or.jp
178,Jessica,Fowler,64335634,jfowler4x@apache.org
179,Joan,Lawrence,20145782,jlawrence4y@mayoclinic.com
180,Catherine,Carpenter,112722356,ccarpenter4z@fotki.com
181,Harry,Evans,62160995,hevans50@free.fr
182,Ann,Wilson,23817369,awilson51@bravesites.com
183,Benjamin,George,14883890,bgeorge52@ocn.ne.jp
184,Cheryl,Washington,127213495,cwashington53@amazon.co.uk
185,Chris,Gardner,11287243,cgardner54@i2i.jp
186,Shawn,Jenkins,15290048,sjenkins55@cornell.edu
187,Jonathan,Murray,158137261,jmurray56@multiply.com
188,Catherine,Morris,82493046,cmorris57@msu.edu
189,Larry,Lee,192464903,llee58@domainmarket.com
190,Janice,Hughes,58266410,jhughes59@fc2.com
191,Victor,Murphy,42805880,vmurphy5a@163.com
192,Cynthia,Warren,73481998,cwarren5b@barnesandnoble.com
193,Ronald,Green,57934745,rgreen5c@infoseek.co.jp
194,Sara,Cole,94457218,scole5d@patch.com
195,Kathleen,Medina,108023100,kmedina5e@blogs.com
196,Albert,Thompson,40564352,athompson5f@va.gov
197,Denise,Gutierrez,39046003,dgutierrez5g@digg.com
198,Jason,Alexander,100308662,jalexander5h@unicef.org
199,Debra,Greene,50062941,dgreene5i@wikispaces.com
200,Nancy,Jones,95509545,njones5j@umich.edu
